Field4,Field7_Text,Field7_Link,Field1,Field8,Field9,Field11,Field2_Text,Field3_Text
,Maria Adiaconitei,https://cornellbigred.com/sports/womens-tennis/roster/maria-adiaconitei/50448,Sophomore,"Bethesda, Md.",Laurel Springs HS,2019-20 Women's Tennis Roster,Maria Adiaconitei,
,Sarah Campbell,https://cornellbigred.com/sports/womens-tennis/roster/sarah-campbell/50449,Sophomore,"Sudbury, Mass.",Lincoln Sudbury HS,2019-20 Women's Tennis Roster,Sarah Campbell,
,Michelle Deng,https://cornellbigred.com/sports/womens-tennis/roster/michelle-deng/52726,Freshman,"Temple City, Calif.",Arcadia HS,2019-20 Women's Tennis Roster,Michelle Deng,
,Fatima El Ashram,https://cornellbigred.com/sports/womens-tennis/roster/fatima-el-ashram/51073,Freshman,"Zamalek, Cairo, Egypt",Weil College Prep,2019-20 Women's Tennis Roster,Fatima El Ashram,
,Valerie Ho,https://cornellbigred.com/sports/womens-tennis/roster/valerie-ho/50450,Sophomore,"Silver Spring, Md.",Montgomery Blair HS,2019-20 Women's Tennis Roster,Valerie Ho,
,Ashley Huang,https://cornellbigred.com/sports/womens-tennis/roster/ashley-huang/51072,Freshman,"Wexford, Pa.",North Allegheny HS,2019-20 Women's Tennis Roster,Ashley Huang,
,Katherine Nguyen,https://cornellbigred.com/sports/womens-tennis/roster/katherine-nguyen/50451,Sophomore,"Fountain Valley, Calif.",Capistrano Connections Academy,2019-20 Women's Tennis Roster,Katherine Nguyen,
,Megan Polnet,https://cornellbigred.com/sports/womens-tennis/roster/megan-polnet/51074,Freshman,"Churchville, Pa.",Laurel Springs,2019-20 Women's Tennis Roster,Megan Polnet,
,Khary Pryce,https://cornellbigred.com/sports/womens-tennis/roster/khary-pryce/50452,Sophomore,"Ellicott City, Md.",McDonogh School,2019-20 Women's Tennis Roster,Khary Pryce,
,Maria Adiaconitei,https://cornellbigred.com/sports/womens-tennis/roster/maria-adiaconitei/48111,Freshman,"Bethesda, Md.",Laurel Springs HS,2018-19 Women's Tennis Roster,Maria Adiaconitei,
,,,Freshman,"Sudbury, Mass.",Lincoln Sudbury HS,2018-19 Women's Tennis Roster,,Sarah Campbell
,Valerie Ho,https://cornellbigred.com/sports/womens-tennis/roster/valerie-ho/48109,Freshman,"Silver Spring, Md.",Montgomery Blair HS,2018-19 Women's Tennis Roster,Valerie Ho,
,Mariko Iinuma,https://cornellbigred.com/sports/womens-tennis/roster/mariko-iinuma/48107,Senior,"San Mateo, Calif.",Hillsdale HS,2018-19 Women's Tennis Roster,Mariko Iinuma,
,Katherine Nguyen,https://cornellbigred.com/sports/womens-tennis/roster/katherine-nguyen/48108,Freshman,"Fountain Valley, Calif.",Capistrano Connections Academy,2018-19 Women's Tennis Roster,Katherine Nguyen,
,Khary Pryce,https://cornellbigred.com/sports/womens-tennis/roster/khary-pryce/48112,Freshman,"Ellicott City, Md.",McDonogh School,2018-19 Women's Tennis Roster,Khary Pryce,
,Ananya Dua,https://cornellbigred.com/sports/womens-tennis/roster/ananya-dua/45215,Sophomore,"Pittsburgh, Pa.",Shady Side Academy,2017-18 Women's Tennis Roster,Ananya Dua,
,Ana Elhom,https://cornellbigred.com/sports/womens-tennis/roster/ana-elhom/45237,Freshman,"Potomac, Md.",Bullis School,2017-18 Women's Tennis Roster,Ana Elhom,
,Mariko Iinuma,https://cornellbigred.com/sports/womens-tennis/roster/mariko-iinuma/45217,Junior,"San Mateo, Calif.",Hillsdale HS,2017-18 Women's Tennis Roster,Mariko Iinuma,
,Cheyenne Lilienthal,https://cornellbigred.com/sports/womens-tennis/roster/cheyenne-lilienthal/45239,Freshman,"Land O' Lakes, Fla.",Academy at the Lakes,2017-18 Women's Tennis Roster,Cheyenne Lilienthal,
,Priyanka Shah,https://cornellbigred.com/sports/womens-tennis/roster/priyanka-shah/45220,Senior,"Somerset, N.J.",Lake Nona HS (Fla.),2017-18 Women's Tennis Roster,Priyanka Shah,
,Madison Stevens,https://cornellbigred.com/sports/womens-tennis/roster/madison-stevens/45221,Senior,"Mendham, N.J.",The Pingry School,2017-18 Women's Tennis Roster,Madison Stevens,
,Michelle Wang,https://cornellbigred.com/sports/womens-tennis/roster/michelle-wang/45223,Junior,"Sammamish, Wash.",Redmond HS,2017-18 Women's Tennis Roster,Michelle Wang,
,Marika Cusick,https://cornellbigred.com/sports/womens-tennis/roster/marika-cusick/42561,Senior,"Hinsdale, Ill.",Hinsdale Central HS,2016-17 Women's Tennis Roster,Marika Cusick,
,Alexandra D'Ascenzo,https://cornellbigred.com/sports/womens-tennis/roster/alexandra-d-ascenzo/42562,Senior,"West Bloomfield, Mich.",Frankel Jewish Academy,2016-17 Women's Tennis Roster,Alexandra D'Ascenzo,
,Ananya Dua,https://cornellbigred.com/sports/womens-tennis/roster/ananya-dua/42571,Freshman,"Pittsburgh, Pa.",Shady Side Academy,2016-17 Women's Tennis Roster,Ananya Dua,
,Allegra Hanlon,https://cornellbigred.com/sports/womens-tennis/roster/allegra-hanlon/42563,Junior,"Key Biscayne, Fla.",Ransom Everglades School,2016-17 Women's Tennis Roster,Allegra Hanlon,
,Mariko Iinuma,https://cornellbigred.com/sports/womens-tennis/roster/mariko-iinuma/42564,Sophomore,"San Mateo, Calif.",Hillsdale HS,2016-17 Women's Tennis Roster,Mariko Iinuma,
,Maria Perez de la Llave,https://cornellbigred.com/sports/womens-tennis/roster/maria-perez-de-la-llave/42570,Freshman,"Madrid, Spain",Saint Anne's School,2016-17 Women's Tennis Roster,Maria Perez de la Llave,
,Mariam Salakaia,https://cornellbigred.com/sports/womens-tennis/roster/mariam-salakaia/42572,Freshman,"Falls Church, Va.",George Mason HS,2016-17 Women's Tennis Roster,Mariam Salakaia,
,Priyanka Shah,https://cornellbigred.com/sports/womens-tennis/roster/priyanka-shah/42566,Junior,"Somerset, N.J.",Lake Nona HS (Fla.),2016-17 Women's Tennis Roster,Priyanka Shah,
,Madison Stevens,https://cornellbigred.com/sports/womens-tennis/roster/madison-stevens/42567,Junior,"Mendham, N.J.",The Pingry School,2016-17 Women's Tennis Roster,Madison Stevens,
,Lizzie Stewart,https://cornellbigred.com/sports/womens-tennis/roster/lizzie-stewart/42568,Junior,"Oakton, Va.",Oakton HS,2016-17 Women's Tennis Roster,Lizzie Stewart,
,Michelle Wang,https://cornellbigred.com/sports/womens-tennis/roster/michelle-wang/42569,Sophomore,"Sammamish, Wash.",Redmond HS,2016-17 Women's Tennis Roster,Michelle Wang,
,Marika Cusick,https://cornellbigred.com/sports/womens-tennis/roster/marika-cusick/41165,Junior,"Hinsdale, Ill.",Hinsdale Central HS,2015-16 Women's Tennis Roster,Marika Cusick,
,Alexandra D'Ascenzo,https://cornellbigred.com/sports/womens-tennis/roster/alexandra-d-ascenzo/41166,Junior,"West Bloomfield, Mich.",Frankel Jewish Academy,2015-16 Women's Tennis Roster,Alexandra D'Ascenzo,
,Allegra Hanlon,https://cornellbigred.com/sports/womens-tennis/roster/allegra-hanlon/41167,Sophomore,"Key Biscayne, Fla.",Ransom Everglades School,2015-16 Women's Tennis Roster,Allegra Hanlon,
,Mariko Iinuma,https://cornellbigred.com/sports/womens-tennis/roster/mariko-iinuma/41174,Freshman,"San Mateo, Calif.",Hillsdale HS,2015-16 Women's Tennis Roster,Mariko Iinuma,
,Kristin Quill,https://cornellbigred.com/sports/womens-tennis/roster/kristin-quill/41168,Junior,"Nanuet, N.Y.",Nanuet HS,2015-16 Women's Tennis Roster,Kristin Quill,
,Priyanka Shah,https://cornellbigred.com/sports/womens-tennis/roster/priyanka-shah/41169,Sophomore,"Somerset, N.J.",Lake Nona HS (Fla.),2015-16 Women's Tennis Roster,Priyanka Shah,
,Madison Stevens,https://cornellbigred.com/sports/womens-tennis/roster/madison-stevens/41170,Sophomore,"Mendham, N.J.",The Pingry School,2015-16 Women's Tennis Roster,Madison Stevens,
,Jane Stewart,https://cornellbigred.com/sports/womens-tennis/roster/jane-stewart/41171,Senior,"New York, NY",The Chapin School (Rice University),2015-16 Women's Tennis Roster,Jane Stewart,
,Lizzie Stewart,https://cornellbigred.com/sports/womens-tennis/roster/lizzie-stewart/41172,Sophomore,"Oakton, Va.",Oakton HS,2015-16 Women's Tennis Roster,Lizzie Stewart,
,Dena Tanenbaum,https://cornellbigred.com/sports/womens-tennis/roster/dena-tanenbaum/41173,Senior,"Manasquan, N.J.",Red Bank Catholic,2015-16 Women's Tennis Roster,Dena Tanenbaum,
,Michelle Wang,https://cornellbigred.com/sports/womens-tennis/roster/michelle-wang/41176,Freshman,"Sammamish, Wash.",Redmond HS,2015-16 Women's Tennis Roster,Michelle Wang,
,Marika Cusick,https://cornellbigred.com/sports/womens-tennis/roster/marika-cusick/37754,Sophomore,"Hinsdale, Ill.",Hinsdale Central HS,2014-15 Women's Tennis Roster,Marika Cusick,
,Alexandra D'Ascenzo,https://cornellbigred.com/sports/womens-tennis/roster/alexandra-d-ascenzo/37755,Sophomore,"West Bloomfield, Mich.",Frankel Jewish Academy,2014-15 Women's Tennis Roster,Alexandra D'Ascenzo,
,Allegra Hanlon,https://cornellbigred.com/sports/womens-tennis/roster/allegra-hanlon/37763,Freshman,"Key Biscayne, Fla.",Ransom Everglades School,2014-15 Women's Tennis Roster,Allegra Hanlon,
,Kristin Quill,https://cornellbigred.com/sports/womens-tennis/roster/kristin-quill/37757,Sophomore,"Nanuet, N.Y.",Nanuet HS,2014-15 Women's Tennis Roster,Kristin Quill,
,Priyanka Shah,https://cornellbigred.com/sports/womens-tennis/roster/priyanka-shah/37761,Freshman,"Somerset, N.J.",Lake Nona HS (Fla.),2014-15 Women's Tennis Roster,Priyanka Shah,
,Madison Stevens,https://cornellbigred.com/sports/womens-tennis/roster/madison-stevens/37764,Freshman,"Mendham, N.J.",The Pingry School,2014-15 Women's Tennis Roster,Madison Stevens,
,Jane Stewart,https://cornellbigred.com/sports/womens-tennis/roster/jane-stewart/40879,Junior,"New York, NY",The Chapin School (Rice University),2014-15 Women's Tennis Roster,Jane Stewart,
,Lizzie Stewart,https://cornellbigred.com/sports/womens-tennis/roster/lizzie-stewart/37762,Freshman,"Oakton, Va.",Oakton HS,2014-15 Women's Tennis Roster,Lizzie Stewart,
,Dena Tanenbaum,https://cornellbigred.com/sports/womens-tennis/roster/dena-tanenbaum/37758,Junior,"Manasquan, N.J.",Red Bank Catholic,2014-15 Women's Tennis Roster,Dena Tanenbaum,
,Shannon Comolli,https://cornellbigred.com/sports/womens-tennis/roster/shannon-comolli/36831,Senior,"Newburyport, Mass.",Philips Exeter Academy,2013-14 Women's Tennis Roster,Shannon Comolli,
,Marika Cusick,https://cornellbigred.com/sports/womens-tennis/roster/marika-cusick/34247,Freshman,"Hinsdale, Ill.",Hinsdale Central HS,2013-14 Women's Tennis Roster,Marika Cusick,
,Alexandra D'Ascenzo,https://cornellbigred.com/sports/womens-tennis/roster/alexandra-d-ascenzo/34248,Freshman,"West Bloomfield, Mich.",Frankel Jewish Academy,2013-14 Women's Tennis Roster,Alexandra D'Ascenzo,
,Lauren Frazier,https://cornellbigred.com/sports/womens-tennis/roster/lauren-frazier/34239,Junior,"Greenville, N.C.",Junius H. Rose HS,2013-14 Women's Tennis Roster,Lauren Frazier,
,Laila Judeh,https://cornellbigred.com/sports/womens-tennis/roster/laila-judeh/34240,Sophomore,"Potomac, Md.",Winston Churchill HS,2013-14 Women's Tennis Roster,Laila Judeh,
,Christy Kung,https://cornellbigred.com/sports/womens-tennis/roster/christy-kung/34241,Sophomore,"Pembroke Pines, Fla.",West Broward HS,2013-14 Women's Tennis Roster,Christy Kung,
,Kyja Kutnick,https://cornellbigred.com/sports/womens-tennis/roster/kyja-kutnick/35267,Freshman,"Redding, Conn.",Green Farms Academy,2013-14 Women's Tennis Roster,Kyja Kutnick,
,Courtney Malinchak,https://cornellbigred.com/sports/womens-tennis/roster/courtney-malinchak/34242,Junior,"Parkland, Fla.",Pine Crest HS,2013-14 Women's Tennis Roster,Courtney Malinchak,
,Kristin Quill,https://cornellbigred.com/sports/womens-tennis/roster/kristin-quill/36830,Freshman,"Nanuet, N.Y.",Nanuet HS,2013-14 Women's Tennis Roster,Kristin Quill,
,Dena Tanenbaum,https://cornellbigred.com/sports/womens-tennis/roster/dena-tanenbaum/34245,Sophomore,"Manasquan, N.J.",Red Bank Catholic,2013-14 Women's Tennis Roster,Dena Tanenbaum,
,Ryann Young,https://cornellbigred.com/sports/womens-tennis/roster/ryann-young/34246,Senior,"Northbrook, Ill.","St. Stephen's Episcopal School (Austin, Texas)",2013-14 Women's Tennis Roster,Ryann Young,
,Lauren Frazier,https://cornellbigred.com/sports/womens-tennis/roster/lauren-frazier/31343,Sophomore,"Greenville, N.C.",Junius H. Rose HS,2012-13 Women's Tennis Roster,Lauren Frazier,
,Laila Judeh,https://cornellbigred.com/sports/womens-tennis/roster/laila-judeh/31720,Freshman,"Potomac, Md.",Winston Churchill HS,2012-13 Women's Tennis Roster,Laila Judeh,
,Kirsten Kohagen,https://cornellbigred.com/sports/womens-tennis/roster/kirsten-kohagen/31344,Senior,"Raleigh, N.C.",Cary Academy,2012-13 Women's Tennis Roster,Kirsten Kohagen,
,Christy Kung,https://cornellbigred.com/sports/womens-tennis/roster/christy-kung/31722,Freshman,"Pembroke Pines, Fla.",West Broward HS,2012-13 Women's Tennis Roster,Christy Kung,
,Courtney Malinchak,https://cornellbigred.com/sports/womens-tennis/roster/courtney-malinchak/31346,Sophomore,"Parkland, Fla.",Pine Crest HS,2012-13 Women's Tennis Roster,Courtney Malinchak,
,Sarah O'Neil,https://cornellbigred.com/sports/womens-tennis/roster/sarah-o-neil/31347,Senior,"Lynnfield, Mass.",Lynnfield High School,2012-13 Women's Tennis Roster,Sarah O'Neil,
,Christine Ordway,https://cornellbigred.com/sports/womens-tennis/roster/christine-ordway/31348,Senior,"Falmouth, Maine",Waynflete School,2012-13 Women's Tennis Roster,Christine Ordway,
,Sara Perelman,https://cornellbigred.com/sports/womens-tennis/roster/sara-perelman/31349,Sophomore,"Pittsburgh, Pa.",Shady Side Academy,2012-13 Women's Tennis Roster,Sara Perelman,
,Dena Tanenbaum,https://cornellbigred.com/sports/womens-tennis/roster/dena-tanenbaum/31715,Freshman,"Manasquan, N.J.",Red Bank Catholic,2012-13 Women's Tennis Roster,Dena Tanenbaum,
,Ryann Young,https://cornellbigred.com/sports/womens-tennis/roster/ryann-young/31351,Junior,"Northbrook, Ill.","St. Stephen's Episcopal School (Austin, Texas)",2012-13 Women's Tennis Roster,Ryann Young,
,Lauren Frazier,https://cornellbigred.com/sports/womens-tennis/roster/lauren-frazier/23783,Freshman,"Greenville, N.C.",Junius H. Rose HS,2011-12 Women's Tennis Roster,Lauren Frazier,
,Kirsten Kohagen,https://cornellbigred.com/sports/womens-tennis/roster/kirsten-kohagen/23779,Junior,"Raleigh, N.C.",Cary Academy,2011-12 Women's Tennis Roster,Kirsten Kohagen,
,Rosemary Li,https://cornellbigred.com/sports/womens-tennis/roster/rosemary-li/24021,Freshman,"Briarcliff, N.Y.",Horace Greeley HS,2011-12 Women's Tennis Roster,Rosemary Li,
,Courtney Malinchak,https://cornellbigred.com/sports/womens-tennis/roster/courtney-malinchak/23784,Freshman,"Parkland, Fla.",Pine Crest HS,2011-12 Women's Tennis Roster,Courtney Malinchak,
,Lusiné Mehrabyan,https://cornellbigred.com/sports/womens-tennis/roster/lusin-mehrabyan/24370,Sophomore,"Yerevan, Armenia",Ithaca HS,2011-12 Women's Tennis Roster,Lusiné Mehrabyan,
,Sarah O'Neil,https://cornellbigred.com/sports/womens-tennis/roster/sarah-o-neil/23780,Junior,"Lynnfield, Mass.",Lynnfield High School,2011-12 Women's Tennis Roster,Sarah O'Neil,
,Christine Ordway,https://cornellbigred.com/sports/womens-tennis/roster/christine-ordway/23781,Junior,"Falmouth, Maine",Waynflete School,2011-12 Women's Tennis Roster,Christine Ordway,
,Sara Perelman,https://cornellbigred.com/sports/womens-tennis/roster/sara-perelman/23785,Freshman,"Pittsburgh, Pa.",Shady Side Academy,2011-12 Women's Tennis Roster,Sara Perelman,
,Gabby Sullivan,https://cornellbigred.com/sports/womens-tennis/roster/gabby-sullivan/23786,Freshman,"Brooklyn, N.Y.",Poly Prep Country Day School,2011-12 Women's Tennis Roster,Gabby Sullivan,
,Nina Turudic,https://cornellbigred.com/sports/womens-tennis/roster/nina-turudic/23787,Freshman,"Zagreb, Croatia",Zagreb Gymnasium,2011-12 Women's Tennis Roster,Nina Turudic,
,Ryann Young,https://cornellbigred.com/sports/womens-tennis/roster/ryann-young/23782,Sophomore,"Northbrook, Ill.","St. Stephen's Episcopal School (Austin, Texas)",2011-12 Women's Tennis Roster,Ryann Young,
,Sinziana Chis,https://cornellbigred.com/sports/womens-tennis/roster/sinziana-chis/13985,Senior,"Vancouver, B.C.",Sentinel Secondary School,2010-11 Women's Tennis Roster,Sinziana Chis,
,Kelly Comolli,https://cornellbigred.com/sports/womens-tennis/roster/kelly-comolli/14085,Freshman,"Newburyport, Mass.",Philips Exeter Academy,2010-11 Women's Tennis Roster,Kelly Comolli,
,Shannon Comolli,https://cornellbigred.com/sports/womens-tennis/roster/shannon-comolli/14086,Freshman,"Newburyport, Mass.",Philips Exeter Academy,2010-11 Women's Tennis Roster,Shannon Comolli,
,Ruxandra Dumitrescu,https://cornellbigred.com/sports/womens-tennis/roster/ruxandra-dumitrescu/13986,Senior,"Cortland Manor, N.Y.",Hendrick Hudson HS,2010-11 Women's Tennis Roster,Ruxandra Dumitrescu,
,Elizabeth Kaufman,https://cornellbigred.com/sports/womens-tennis/roster/elizabeth-kaufman/14087,Freshman,"Potomac, Md.",Winston Churchill HS,2010-11 Women's Tennis Roster,Elizabeth Kaufman,
,,,Sophomore,"Raleigh, N.C.",Cary Academy,2010-11 Women's Tennis Roster,,Kirsten Kohagen
,Sarah O'Neil,https://cornellbigred.com/sports/womens-tennis/roster/sarah-o-neil/13989,Sophomore,"Lynnfield, Mass.",Lynnfield High School,2010-11 Women's Tennis Roster,Sarah O'Neil,
,,,Sophomore,"Falmouth, Maine",Waynflete School,2010-11 Women's Tennis Roster,,Christine Ordway
,Leah Seyburn,https://cornellbigred.com/sports/womens-tennis/roster/leah-seyburn/13991,Senior,"Roslyn Heights, N.Y.",Roslyn HS,2010-11 Women's Tennis Roster,Leah Seyburn,
,Ryann Young,https://cornellbigred.com/sports/womens-tennis/roster/ryann-young/14088,Freshman,"Northbrook, Ill.","St. Stephen's Episcopal School (Austin, Texas)",2010-11 Women's Tennis Roster,Ryann Young,
,Sinziana Chis,https://cornellbigred.com/sports/womens-tennis/roster/sinziana-chis/11869,Junior,"Vancouver, B.C.",Sentinel Secondary School,2009-10 Women's Tennis Roster,Sinziana Chis,
,Ruxandra Dumitrescu,https://cornellbigred.com/sports/womens-tennis/roster/ruxandra-dumitrescu/11870,Junior,"Cortland Manor, N.Y.",Hendrick Hudson HS,2009-10 Women's Tennis Roster,Ruxandra Dumitrescu,
,,,Freshman,"Raleigh, N.C.",Cary Academy,2009-10 Women's Tennis Roster,,Kirsten Kohagen
,,,Freshman,"Mid-levels, Hong Kong",Hong Kong International Tennis Academy,2009-10 Women's Tennis Roster,,Geraldine Leong
,,,Freshman,"Honolulu, Hawaii",Punahou School,2009-10 Women's Tennis Roster,,Kristin Lim
,,,Freshman,"Lynnfield, Mass.",Lynnfield High School,2009-10 Women's Tennis Roster,,Sarah O'Neil
,,,Freshman,"Falmouth, Maine",Waynflete School,2009-10 Women's Tennis Roster,,Christine Ordway
,Natalia Sanchez,https://cornellbigred.com/sports/womens-tennis/roster/natalia-sanchez/11875,Senior,"Weston, Fla.",Sagemont Upper School,2009-10 Women's Tennis Roster,Natalia Sanchez,
,Leah Seyburn,https://cornellbigred.com/sports/womens-tennis/roster/leah-seyburn/11876,Junior,"Roslyn Heights, N.Y.",Roslyn HS,2009-10 Women's Tennis Roster,Leah Seyburn,
,,,Senior,"St. Louis, Mo.",John Burroughs School,2009-10 Women's Tennis Roster,,Susan Sullivan
,Sinziana Chis,https://cornellbigred.com/sports/womens-tennis/roster/sinziana-chis/10741,Sophomore,"Vancouver, B.C.",Sentinel Secondary School,2008-09 Women's Tennis Roster,Sinziana Chis,
,Catherine Duboc,https://cornellbigred.com/sports/womens-tennis/roster/catherine-duboc/10743,Senior,"Cherry Hills, Colo.",Kent Denver Upper School,2008-09 Women's Tennis Roster,Catherine Duboc,
,Ruxandra Dumitrescu,https://cornellbigred.com/sports/womens-tennis/roster/ruxandra-dumitrescu/10744,Sophomore,"Cortland Manor, N.Y.",Hendrick Hudson HS,2008-09 Women's Tennis Roster,Ruxandra Dumitrescu,
,Elizabeth Googe,https://cornellbigred.com/sports/womens-tennis/roster/elizabeth-googe/10746,Senior,"Knoxville, Tenn.",Webb School of Knoxville,2008-09 Women's Tennis Roster,Elizabeth Googe,
,Stephanie Kent,https://cornellbigred.com/sports/womens-tennis/roster/stephanie-kent/10753,Freshman,"Groton, N.Y.",Saddlebrook Prep,2008-09 Women's Tennis Roster,Stephanie Kent,
,Julia Loomis,https://cornellbigred.com/sports/womens-tennis/roster/julia-loomis/10754,Freshman,"Niskayuna, N.Y.",Niskayuna HS,2008-09 Women's Tennis Roster,Julia Loomis,
,Shayna Miller,https://cornellbigred.com/sports/womens-tennis/roster/shayna-miller/10748,Senior,"Pittsburgh, Pa.",Upper St. Clair HS,2008-09 Women's Tennis Roster,Shayna Miller,
,Natalia Sanchez,https://cornellbigred.com/sports/womens-tennis/roster/natalia-sanchez/10751,Junior,"Weston, Fla.",Sagemont Upper School,2008-09 Women's Tennis Roster,Natalia Sanchez,
,Leah Seyburn,https://cornellbigred.com/sports/womens-tennis/roster/leah-seyburn/10756,Sophomore,"Roslyn Heights, N.Y.",Roslyn HS,2008-09 Women's Tennis Roster,Leah Seyburn,
,Sinziana Chis,https://cornellbigred.com/sports/womens-tennis/roster/sinziana-chis/5437,Freshman,"Vancouver, B.C.",Sentinel Secondary School,2007-08 Women's Tennis Roster,Sinziana Chis,
,Dana Cruite,https://cornellbigred.com/sports/womens-tennis/roster/dana-cruite/5408,Senior,"Punta Gorda, Fla.",Charlotte HS,2007-08 Women's Tennis Roster,Dana Cruite,
,Catherine Duboc,https://cornellbigred.com/sports/womens-tennis/roster/catherine-duboc/5403,Junior,"Cherry Hills, Colo.",Kent Denver Upper School,2007-08 Women's Tennis Roster,Catherine Duboc,
,Ruxandra Dumitrescu,https://cornellbigred.com/sports/womens-tennis/roster/ruxandra-dumitrescu/5438,Freshman,"Cortland Manor, N.Y.",Hendrick Hudson HS,2007-08 Women's Tennis Roster,Ruxandra Dumitrescu,
,Ashley Ebbert,https://cornellbigred.com/sports/womens-tennis/roster/ashley-ebbert/5421,Senior,"Paradise Valley, Ariz.",Saguaro HS,2007-08 Women's Tennis Roster,Ashley Ebbert,
,Elizabeth Googe,https://cornellbigred.com/sports/womens-tennis/roster/elizabeth-googe/5419,Junior,"Knoxville, Tenn.",Webb School of Knoxville,2007-08 Women's Tennis Roster,Elizabeth Googe,
,Tamara John,https://cornellbigred.com/sports/womens-tennis/roster/tamara-john/5417,Junior,"Macedon, NY",Penfield HS,2007-08 Women's Tennis Roster,Tamara John,
,Shayna Miller,https://cornellbigred.com/sports/womens-tennis/roster/shayna-miller/5411,Junior,"Pittsburgh, Pa.",Upper St. Clair HS,2007-08 Women's Tennis Roster,Shayna Miller,
,Melissa Orteza,https://cornellbigred.com/sports/womens-tennis/roster/melissa-orteza/5439,Freshman,"Muntinlupa City, Philippines",De La Salle Zobel School,2007-08 Women's Tennis Roster,Melissa Orteza,
,Weatherly Schwab,https://cornellbigred.com/sports/womens-tennis/roster/weatherly-schwab/5424,Senior,"Ithaca, N.Y.",Ithaca HS,2007-08 Women's Tennis Roster,Weatherly Schwab,
,,,Junior,"Punta Gorda, Fla.",Charlotte HS,2006-07 Women's Tennis Roster,,Dana Cruite
,,,Sophomore,"Greenwood Village, Colo.",Kent Denver Upper School,2006-07 Women's Tennis Roster,,Catherine Duboc
,,,Junior,"Paradise Valley, Ariz.",Saguaro HS,2006-07 Women's Tennis Roster,,Ashley Ebbert
,,,Sophomore,"Knoxville, Tenn.",Webb School of Knoxville,2006-07 Women's Tennis Roster,,Elizabeth Googe
,,,Sophomore,"Macedon, N.Y.",Penfield HS,2006-07 Women's Tennis Roster,,Tamara John
,,,Sophomore,"Upper St. Clair, Pa.",Upper St. Clair HS,2006-07 Women's Tennis Roster,,Shayna Miller
,,,Senior,"Boston, Mass.",Boston Latin School,2006-07 Women's Tennis Roster,,Kasia Preneta
,,,Junior,"Ithaca, N.Y.",Ithaca HS,2006-07 Women's Tennis Roster,,Weatherly Schwab
,,,Senior,"Kinnelon, N.J.",Newark Academy,2006-07 Women's Tennis Roster,,Nisha Suda
,,,Freshman,"St. Louis, Mo.",John Borroughs School,2006-07 Women's Tennis Roster,,Susan Sullivan
,,,Sophomore,"Punta Gorda, Fla.",Charlotte HS,2005-06 Women's Tennis Roster,,Dana Cruite
,,,Freshman,"Greenwood Village, Colo.",Kent Denver Upper School,2005-06 Women's Tennis Roster,,Catherine Duboc
,,,Sophomore,"Paradise Valley, Ariz.",Saguaro HS,2005-06 Women's Tennis Roster,,Ashley Ebbert
,,,Senior,"Hadley, Mass.",Amherst Regional HS,2005-06 Women's Tennis Roster,,Mollie Edinson
,,,Freshman,"Knoxville, Tenn.",Webb School of Knoxville,2005-06 Women's Tennis Roster,,Elizabeth Googe
,,,Freshman,"Macedon, N.Y.",Penfield HS,2005-06 Women's Tennis Roster,,Tamara John
,,,Freshman,"Upper St. Clair, Pa.",Upper St. Clair HS,2005-06 Women's Tennis Roster,,Shayna Miller
,,,Junior,"Boston, Mass.",Boston Latin School,2005-06 Women's Tennis Roster,,Kasia Preneta
,,,Sophomore,"Ithaca, N.Y.",Ithaca HS,2005-06 Women's Tennis Roster,,Weatherly Schwab
,,,Junior,"Kinnelon, N.J.",Newark Academy,2005-06 Women's Tennis Roster,,Nisha Suda
,,,Junior,"Greenvale, N.Y.",Roslyn HS,2005-06 Women's Tennis Roster,,Melanie Tu
,,,Senior,"Palo Alto, Calif.",Gunn HS,2005-06 Women's Tennis Roster,,Liying Wang
,,,Freshman,"Punta Gorda, Fla.",Charlotte HS,2004-05 Women's Tennis Roster,,Dana Cruite
,,,Freshman,"Paradise Valley, Ariz.",Saguaro HS,2004-05 Women's Tennis Roster,,Ashley Ebbert
,,,Junior,"Hadley, Mass.",Amherst Regional HS,2004-05 Women's Tennis Roster,,Mollie Edinson
,,,Senior,"Battle Creek, Mich.",Lakeview HS,2004-05 Women's Tennis Roster,,Akane Kokubo
,,,Junior,"Cotuit, Mass.",Barnstable HS,2004-05 Women's Tennis Roster,,Kara Maloy
,,,Sophomore,"Boston, Mass.",Boston Latin School,2004-05 Women's Tennis Roster,,Kasia Preneta
,,,Freshman,"Ithaca, N.Y.",Ithaca HS,2004-05 Women's Tennis Roster,,Weatherly Schwab
,,,Sophomore,"Kinnelon, N.J.",Newark Academy,2004-05 Women's Tennis Roster,,Nisha Suda
,,,Senior,"Redwood, Wash.",Lakeside HS,2004-05 Women's Tennis Roster,,Erika Takeuchi
,,,Sophomore,"Greenvale, N.Y.",Roslyn HS,2004-05 Women's Tennis Roster,,Melanie Tu
,,,Senior,"Greenvale, N.Y.",Roslyn HS,2004-05 Women's Tennis Roster,,Melissa Tu
,,,Junior,"Palo Alto, Calif.",Gunn HS,2004-05 Women's Tennis Roster,,Liying Wang
,,,Sophomore,"Hadley, Mass.",Amherst Regional HS,2003-04 Women's Tennis Roster,,Mollie Edinson
,,,Junior,"Battle Creek, Mich.",Lakeview HS,2003-04 Women's Tennis Roster,,Akane Kokubo
,,,Sophomore,"Bridgewater, N.J.",Bridgewater-Raritan HS,2003-04 Women's Tennis Roster,,Jennifer Liu
,,,Sophomore,"Cotuit, Mass.",Barnstable HS,2003-04 Women's Tennis Roster,,Kara Maloy
,,,Freshman,"Boston, Mass.",Boston Latin School,2003-04 Women's Tennis Roster,,Kasia Preneta
,,,Freshman,"Kinnelon, N.J.",Newark Academy,2003-04 Women's Tennis Roster,,Nisha Suda
,,,Junior,"Redwood, Wash.",Lakeside HS,2003-04 Women's Tennis Roster,,Erika Takeuchi
,,,Senior,"Key Colony Beach, Fla.",Marathon HS,2003-04 Women's Tennis Roster,,Laura Leigh Tallent
,,,Junior,"Greenvale, N.Y.",Roslyn HS,2003-04 Women's Tennis Roster,,Melissa Tu
,,,Freshman,"Greenvale, N.Y.",Roslyn HS,2003-04 Women's Tennis Roster,,Melanie Tu
,,,Sophomore,"Palo Alto, Calif.",Gunn HS,2003-04 Women's Tennis Roster,,Liying Wang
,,,Senior,"Edmonton, Alb.",Harry Ainlay HS,2002-03 Women's Tennis Roster,,Nicole Chiu
,,,Freshman,"Hadley, Mass.",Amherst Regional HS,2002-03 Women's Tennis Roster,,Mollie Edinson
,,,Sophomore,"Battle Creek, Mich.",Lakeview HS,2002-03 Women's Tennis Roster,,Akane Kokubo
,,,Freshman,"Bridgewater, N.J.",Bridgewater-Raritan HS,2002-03 Women's Tennis Roster,,Jennifer Liu
,,,Senior,"Atlanta, GA.",Westminster,2002-03 Women's Tennis Roster,,Piper Lucas
,,,Freshman,"Cotuit, Mass.",Barnstable HS,2002-03 Women's Tennis Roster,,Kara Maloy
,,,Junior,"Glen Coe, Ill.",New Trier HS,2002-03 Women's Tennis Roster,,Kate Sternberg
,,,Sophomore,"Redwood, Wash.",Lakeside HS,2002-03 Women's Tennis Roster,,Erika Takeuchi
,,,Junior,"Key Colony Beach, Fla.",Marathon HS,2002-03 Women's Tennis Roster,,Laura Leigh Tallent
,,,Sophomore,"Greenvale, N.Y.",Roslyn HS,2002-03 Women's Tennis Roster,,Melissa Tu
,,,Freshman,"Palo Alto, Calif.",Gunn HS,2002-03 Women's Tennis Roster,,Liying Wang
,,,Freshman,"Melville, N.Y.",Half Hollow Hills HS East,2001-02 Women's Tennis Roster,,Jaymie Brill
,,,Junior,"Edmonton, Alb.",Harry Ainlay HS,2001-02 Women's Tennis Roster,,Nicole Chiu
,,,Junior,"Rye, N.Y.",Horace Mann HS,2001-02 Women's Tennis Roster,,Alex DelPrete
,,,Junior,"Rye, N.Y.",Horace Mann HS,2001-02 Women's Tennis Roster,,Daniela DelPrete
,,,Freshman,"Forest Hills, N.Y.",Benjamin N. Cardozo,2001-02 Women's Tennis Roster,,Nicole Itskovich
,,,Junior,"Nairobi, Kenya",Int. School of Kenya,2001-02 Women's Tennis Roster,,Saloni Kantaria
,,,Freshman,"Battle Creek, Mich.",Lakeview HS,2001-02 Women's Tennis Roster,,Akane Kokubo
,,,Junior,"Atlanta, GA.",Westminster,2001-02 Women's Tennis Roster,,Piper Lucas
,,,Senior,"Rio de Janiero, Brazil",Centro Ed. Lagoa,2001-02 Women's Tennis Roster,,Camila Romulo
,,,Sophomore,"Glen Coe, Ill.",New Trier HS,2001-02 Women's Tennis Roster,,Kate Sternberg
,,,Freshman,"Redwood, Wash.",Lakeside HS,2001-02 Women's Tennis Roster,,Erika Takeuchi
,,,Sophomore,"Key Colony Beach, Fla.",Marathon HS,2001-02 Women's Tennis Roster,,Laura Leigh Tallent
,,,Freshman,"Greenvale, N.Y.",Roslyn HS,2001-02 Women's Tennis Roster,,Melissa Tu
,,,Junior,"Auckland, New Zealand",St.Cuthbert's College,2001-02 Women's Tennis Roster,,Suzanne Wright
,,,Senior,"Augusta, Ga.",Westside HS,2000-01 Women's Tennis Roster,,Ngozi Amobi
,,,Graduate Student,"New Canaan, Conn.",New Canaan HS,2000-01 Women's Tennis Roster,,Jenn Boyer
,,,Sophomore,"Edmonton, Alb.",Harry Ainlay HS,2000-01 Women's Tennis Roster,,Nicole Chiu
,,,Sophomore,"Rye, N.Y.",Horace Mann HS,2000-01 Women's Tennis Roster,,Alex DelPrete
,,,Sophomore,"Rye, N.Y.",Horace Mann HS,2000-01 Women's Tennis Roster,,Daniela DelPrete
,,,Sophomore,"Nairobi, Kenya",Int. School of Kenya,2000-01 Women's Tennis Roster,,Saloni Kantaria
,,,Sophomore,"Atlanta, GA.",Westminster,2000-01 Women's Tennis Roster,,Piper Lucas
,,,Junior,"Rio de Janiero, Brazil",Centro Ed. Lagoa,2000-01 Women's Tennis Roster,,Camila Romulo
,,,Sophomore,"Rye, N.Y.",Horace Mann HS,2000-01 Women's Tennis Roster,,Lisa Royce
,,,Junior,"Cherry Hill, N.J.",Cherry Hill HS,2000-01 Women's Tennis Roster,,Becky Sendrow
,,,Freshman,"Glen Coe, Ill.",New Trier HS,2000-01 Women's Tennis Roster,,Kate Sternberg
,,,Freshman,"Key Colony Beach, Fla.",Marathon HS,2000-01 Women's Tennis Roster,,Laura Leigh Tallent
,,,Sophomore,"Auckland, New Zealand",St.Cuthbert's College,2000-01 Women's Tennis Roster,,Suzanne Wright
,,,Junior,"Augusta, Ga.",Westside HS,1999-2000 Women's Tennis Roster,,Ngozi Amobi
,,,Senior,"New Canaan, Conn.",New Canaan HS,1999-2000 Women's Tennis Roster,,Jenn Boyer
,,,Freshman,"Edmonton, Alb.",Harry Ainlay HS,1999-2000 Women's Tennis Roster,,Nicole Chiu
,,,Freshman,"Rye, N.Y.",Horace Mann HS,1999-2000 Women's Tennis Roster,,Alex DelPrete
,,,Freshman,"Rye, N.Y.",Horace Mann HS,1999-2000 Women's Tennis Roster,,Daniela DelPrete
,,,Senior,"Tucson, Ariz.",Green Fields CDS,1999-2000 Women's Tennis Roster,,Jodie Hurley
,,,Freshman,"Atlanta, GA.",Westminster,1999-2000 Women's Tennis Roster,,Piper Lucas
,,,Sophomore,"Palos Verdes, Calif.",Palos verdes Peninsula HS,1999-2000 Women's Tennis Roster,,Hanna Miller
,,,Sophomore,"Newport Beach, Calif.",Dana Hills HS,1999-2000 Women's Tennis Roster,,Margaux Pierog
,,,Freshman,"Rye, N.Y.",Horace Mann HS,1999-2000 Women's Tennis Roster,,Lisa Royce
,,,Sophomore,"Cherry Hill, N.J.",Cherry Hill HS,1999-2000 Women's Tennis Roster,,Becky Sendrow
,,,Freshman,"Rochester, N.Y.",Rush-Henrietta HS,1999-2000 Women's Tennis Roster,,Joanna Toke
,,,Freshman,"Auckland, New Zealand",St.Cuthbert's College,1999-2000 Women's Tennis Roster,,Suzanne Wright
,,,Sophomore,"Holmdel, N.J.",Holmdel HS,1999-2000 Women's Tennis Roster,,Carolyn Zakrevsky
,,,Sophomore,"Augusta, Ga.",Westside HS,1998-99 Women's Tennis Roster,,Ngozi Amobi
,,,Junior,"New Canaan, Conn.",New Canaan HS,1998-99 Women's Tennis Roster,,Jenn Boyer
,,,Senior,"Rolling Hills, Calif.",Chadwick School,1998-99 Women's Tennis Roster,,Rebecca Cannom
,,,Senior,"Brooklyn, N.Y.",Midwood HS,1998-99 Women's Tennis Roster,,Michelle Degen
,,,Junior,"Tucson, Ariz.",Green Fields CDS,1998-99 Women's Tennis Roster,,Jodie Hurley
,,,Freshman,"Palos Verdes, Calif.",Palos verdes Peninsula HS,1998-99 Women's Tennis Roster,,Hanna Miller
,,,Freshman,"Newport Beach, Calif.",Dana Hills HS,1998-99 Women's Tennis Roster,,Margaux Pierog
,,,Graduate Student,"Reno, Nevada",Reno HS,1998-99 Women's Tennis Roster,,Leah Pomeranz
,,,Junior,"Manchester, Mass.",Manchester HS,1998-99 Women's Tennis Roster,,Sara Purdy
,,,Freshman,"Cherry Hill, N.J.",Cherry Hill HS,1998-99 Women's Tennis Roster,,Becky Sendrow
,,,Freshman,"Bayville, N.Y.",Locust Valley HS,1998-99 Women's Tennis Roster,,Natalie Stanciu
,,,Freshman,"Holmdel, N.J.",Holmdel HS,1998-99 Women's Tennis Roster,,Carolyn Zakrevsky
,,,Freshman,"Augusta, Ga.",Westside HS,1997-98 Women's Tennis Roster,,Ngozi Amobi
,,,Sophomore,"New Canaan, Conn.",New Canaan HS,1997-98 Women's Tennis Roster,,Jenn Boyer
,,,Junior,"Rolling Hills, Calif.",Chadwick School,1997-98 Women's Tennis Roster,,Rebecca Cannom
,,,Junior,"Brooklyn, N.Y.",Midwood HS,1997-98 Women's Tennis Roster,,Michelle Degen
,,,Sophomore,"Tucson, Ariz.",Green Fields CDS,1997-98 Women's Tennis Roster,,Jodie Hurley
,,,Senior,"Manlius, N.Y.",New Canaan HS (Conn.),1997-98 Women's Tennis Roster,,Kelly Molloy
,,,Freshman,"St. Charles, Ill.",St. Charles HS,1997-98 Women's Tennis Roster,,Colleen Molloy
,,,Senior,"Reno, Nevada",Reno HS,1997-98 Women's Tennis Roster,,Leah Pomeranz
,,,Sophomore,"Manchester, Mass.",Manchester HS,1997-98 Women's Tennis Roster,,Sara Purdy
,,,Senior,"Scarsdale, N.Y.",Scarsdale HS,1997-98 Women's Tennis Roster,,Pamela Romas
,,,Senior,"E. Lansing, Mich.",E. Lansing HS,1997-98 Women's Tennis Roster,,Mari Rutz
,,,Freshman,"Shanghai, China",Robert Louis Stevenson HS (Calif.),1997-98 Women's Tennis Roster,,Vivian Sam
,,,Junior,"Los Altos Hills, Calif.",Gunn HS,1997-98 Women's Tennis Roster,,Kathryn Scifres
,,,Sophomore,"Augusta, Ga.",Westside HS,1996-97 Women's Tennis Roster,,Ify Amobi
,,,Senior,"East Grand Rapids, Mich.",E. Grand Rapids HS,1996-97 Women's Tennis Roster,,Monica Bertsch
,,,Sophomore,"Kalamazoo, Mich.",Hackett Catholic HS,1996-97 Women's Tennis Roster,,Meg Boston
,,,Freshman,"New Canaan, Conn.",New Canaan HS,1996-97 Women's Tennis Roster,,Jenn Boyer
,,,Senior,"Saratoga Springs, N.Y.",Saratoga Springs HS,1996-97 Women's Tennis Roster,,Elizabeth Byrne
,,,Sophomore,"Rolling Hills, Calif.",Chadwick School,1996-97 Women's Tennis Roster,,Rebecca Cannom
,,,Sophomore,"Brooklyn, N.Y.",Midwood HS,1996-97 Women's Tennis Roster,,Michelle Degen
,,,Freshman,"Tucson, Ariz.",Green Fields CDS,1996-97 Women's Tennis Roster,,Jodie Hurley
,,,Junior,"Manlius, N.Y.",New Canaan HS (Conn.),1996-97 Women's Tennis Roster,,Kelly Molloy
,,,Junior,"Reno, Nevada",Reno HS,1996-97 Women's Tennis Roster,,Leah Pomeranz
,,,Freshman,"Manchester, Mass.",Manchester HS,1996-97 Women's Tennis Roster,,Sara Purdy
,,,Junior,"Scarsdale, N.Y.",Scarsdale HS,1996-97 Women's Tennis Roster,,Pamela Romas
,,,Junior,"E. Lansing, Mich.",E. Lansing HS,1996-97 Women's Tennis Roster,,Mari Rutz
,,,Sophomore,"Los Altos Hills, Calif.",Gunn HS,1996-97 Women's Tennis Roster,,Kathryn Scifres
,,,Freshman,"Augusta, Ga.",Westside HS,1995-96 Women's Tennis Roster,,Ify Amobi
,,,Junior,"East Grand Rapids, Mich.",E. Grand Rapids HS,1995-96 Women's Tennis Roster,,Monica Bertsch
,,,Freshman,"Kalamazoo, Mich.",Hackett Catholic HS,1995-96 Women's Tennis Roster,,Meg Boston
,,,Junior,"Saratoga Springs, N.Y.",Saratoga Springs HS,1995-96 Women's Tennis Roster,,Elizabeth Byrne
,,,Freshman,"Rolling Hills, Calif.",Chadwick School,1995-96 Women's Tennis Roster,,Rebecca Cannom
,,,Freshman,"Brooklyn, N.Y.",Midwood HS,1995-96 Women's Tennis Roster,,Michelle Degen
,,,Senior,"Kowloon, Hong Kong",King George V School,1995-96 Women's Tennis Roster,,Charmaine Ing
,,,Graduate Student,"Moscow, Russia",Moscow Secondary School,1995-96 Women's Tennis Roster,,Olga Itskhoki
,,,Sophomore,"Manlius, N.Y.",New Canaan HS (Conn.),1995-96 Women's Tennis Roster,,Kelly Molloy
,,,Sophomore,"Honolulu, Hawaii",Honolulu HS,1995-96 Women's Tennis Roster,,Lee Murashige
,,,Senior,"Staten Island, N.Y.",New Dorp HS,1995-96 Women's Tennis Roster,,Jigisha Pathakji
,,,Sophomore,"Reno, Nevada",Reno HS,1995-96 Women's Tennis Roster,,Leah Pomeranz
,,,Senior,"Merced, Calif.",Merced HS,1995-96 Women's Tennis Roster,,Heather Quall
,,,Sophomore,"Scarsdale, N.Y.",Scarsdale HS,1995-96 Women's Tennis Roster,,Pamela Romas
,,,Sophomore,"E. Lansing, Mich.",E. Lansing HS,1995-96 Women's Tennis Roster,,Mari Rutz
,,,Freshman,"Los Altos Hills, Calif.",Gunn HS,1995-96 Women's Tennis Roster,,Kathryn Scifres
,,,Freshman,"Clewiston, Fla.",Clewiston HS,1994-95 Women's Tennis Roster,,Cristina Aguirre
,,,Sophomore,"East Grand Rapids, Mich.",E. Grand Rapids HS,1994-95 Women's Tennis Roster,,Monica Bertsch
,,,Sophomore,"Saratoga Springs, N.Y.",Saratoga Springs HS,1994-95 Women's Tennis Roster,,Elizabeth Byrne
,,,Freshman,"Harrisburg, Pa.",Bromfield School (Mass.),1994-95 Women's Tennis Roster,,Kim  Gantz
,,,Junior,"Kowloon, Hong Kong",King George V School,1994-95 Women's Tennis Roster,,Charmaine Ing
,,,Senior,"Moscow, Russia",Moscow Secondary School,1994-95 Women's Tennis Roster,,Olga Itskhoki
,,,Freshman,"Manlius, N.Y.",New Canaan HS (Conn.),1994-95 Women's Tennis Roster,,Kelly Molloy
,,,Freshman,"Honolulu, Hawaii",Honolulu HS,1994-95 Women's Tennis Roster,,Lee Murashige
,,,Junior,"Staten Island, N.Y.",New Dorp HS,1994-95 Women's Tennis Roster,,Jigisha Pathakji
,,,Freshman,"Reno, Nevada",Reno HS,1994-95 Women's Tennis Roster,,Leah Pomeranz
,,,Junior,"Merced, Calif.",Merced HS,1994-95 Women's Tennis Roster,,Heather Quall
,,,Freshman,"Scarsdale, N.Y.",Scarsdale HS,1994-95 Women's Tennis Roster,,Pamela Romas
,,,Freshman,"E. Lansing, Mich.",E. Lansing HS,1994-95 Women's Tennis Roster,,Mari Rutz
,,,Sophomore,"Ithaca, N.Y.",Ithaca HS,1994-95 Women's Tennis Roster,,Jessika Trancik
,,,Sophomore,"Bethlehem, Pa.",Southern Lehigh HS,1994-95 Women's Tennis Roster,,Christie Trotter
,,,Senior,"Vienna, Va.",Madison HS,1994-95 Women's Tennis Roster,,Jeannie Yoo
,,,Freshman,"East Grand Rapids, Mich.",E. Grand Rapids HS,1993-94 Women's Tennis Roster,,Monica Bertsch
,,,Junior,"Missoula, Mont.",Hellgate HS,1993-94 Women's Tennis Roster,,Hallie Bornstein
,,,Freshman,"Saratoga Springs, N.Y.",Saratoga Springs HS,1993-94 Women's Tennis Roster,,Elizabeth Byrne
,,,Senior,"Kissimee, Fla.",Osceola HS,1993-94 Women's Tennis Roster,,Wan Chen
,,,Sophomore,"Kowloon, Hong Kong",King George V School,1993-94 Women's Tennis Roster,,Charmaine Ing
,,,Junior,"Moscow, Russia",Moscow Secondary School,1993-94 Women's Tennis Roster,,Olga Itskhoki
,,,Freshman,"Larchmont, N.Y.",Mamaroneck HS,1993-94 Women's Tennis Roster,,Julie Kotler
,,,Sophomore,"Staten Island, N.Y.",New Dorp HS,1993-94 Women's Tennis Roster,,Jigisha Pathakji
,,,Sophomore,"Merced, Calif.",Merced HS,1993-94 Women's Tennis Roster,,Heather Quall
,,,Freshman,"Ft. Mitchell, Ky.",Beechwood HS,1993-94 Women's Tennis Roster,,Angie Richardson
,,,Sophomore,"Bellport, N.Y.",Bellport HS,1993-94 Women's Tennis Roster,,Barbara Ruhs
,,,Junior,"Lubbock, Texas",Lubbock Coronado HS,1993-94 Women's Tennis Roster,,Nicole Smith
,,,Freshman,"Ithaca, N.Y.",Ithaca HS,1993-94 Women's Tennis Roster,,Jessika Trancik
,,,Freshman,"Bethlehem, Pa.",Southern Lehigh HS,1993-94 Women's Tennis Roster,,Christie Trotter
,,,Junior,"Vienna, Va.",Madison HS,1993-94 Women's Tennis Roster,,Jeannie Yoo
,,,Senior,"Lakewood, Ohio",Lakewood HS,1992-93 Women's Tennis Roster,,Judy Beckenbach
,,,Sophomore,"Cleveland, Ohio",Lakewood HS,1992-93 Women's Tennis Roster,,Halle Beckenbach
,,,Junior,"Kissimee, Fla.",Osceola HS,1992-93 Women's Tennis Roster,,Wan Chen
,,,Sophomore,"Longmeadow, Ill.",New Trier HS,1992-93 Women's Tennis Roster,,Greer Gilson
,,,Freshman,"Kowloon, Hong Kong",King George V School,1992-93 Women's Tennis Roster,,Charmaine Ing
,,,Senior,"Albany, N.Y.",Albany HS,1992-93 Women's Tennis Roster,,Alyssa Kahn
,,,Freshman,"Staten Island, N.Y.",New Dorp HS,1992-93 Women's Tennis Roster,,Jigisha Pathakji
,,,Freshman,"Merced, Calif.",Merced HS,1992-93 Women's Tennis Roster,,Heather Quall
,,,Freshman,"Nairobi, Kenya",Nairobi Academy,1992-93 Women's Tennis Roster,,Paulina Raguz
,,,Freshman,"Bellport, N.Y.",Bellport HS,1992-93 Women's Tennis Roster,,Barbara Ruhs
,,,Senior,"Tampa, Fla.",Tampa Prep,1992-93 Women's Tennis Roster,,Seema Shah
,,,Sophomore,"Vienna, Va.",Madison HS,1992-93 Women's Tennis Roster,,Jeannie Yoo
,,,Junior,"Lakewood, Ohio",Lakewood HS,1991-92 Women's Tennis Roster,,Judy Beckenbach
,,,Freshman,"Missoula, Mont.",Hellgate HS,1991-92 Women's Tennis Roster,,Hallie Bornstein
,,,Freshman,"Scotts Valley, Calif.",Harbor HS,1991-92 Women's Tennis Roster,,Nicole Carter
,,,Sophomore,"Kissimee, Fla.",Osceola HS,1991-92 Women's Tennis Roster,,Wan Chen
,,,Sophomore,"Redondo Beach, Calif.",South HS,1991-92 Women's Tennis Roster,,Michelle Deasy
,,,Freshman,"Duluth, Minn.",East HS,1991-92 Women's Tennis Roster,,Kristin DeLano
,,,Freshman,"Longmeadow, Ill.",New Trier HS,1991-92 Women's Tennis Roster,,Greer Gilson
,,,Junior,"Albany, N.Y.",Albany HS,1991-92 Women's Tennis Roster,,Alyssa Kahn
,,,Senior,"Matawan, N.J.",Matawan Regional HS,1991-92 Women's Tennis Roster,,Jennifer Kenas
,,,Freshman,"Nairobi, Kenya",Hillcrest Secondary School,1991-92 Women's Tennis Roster,,Nathalie Raguz
,,,Freshman,"Vienna, Va.",Madison HS,1991-92 Women's Tennis Roster,,Jeannie Yoo
,,,Sophomore,"Lakewood, Ohio",Lakewood HS,1990-91 Women's Tennis Roster,,Judy Beckenbach
,,,Freshman,"Kissimee, Fla.",Osceola HS,1990-91 Women's Tennis Roster,,Wan Chen
,,,Freshman,"Redondo Beach, Calif.",South HS,1990-91 Women's Tennis Roster,,Michelle Deasy
,,,Sophomore,"Albany, N.Y.",Albany HS,1990-91 Women's Tennis Roster,,Alyssa Kahn
,,,Junior,"New City, N.Y.",Clarkstown HS North,1990-91 Women's Tennis Roster,,Carol Katz
,,,Junior,"Matawan, N.J.",Matawan Regional HS,1990-91 Women's Tennis Roster,,Jennifer Kenas
,,,Senior,"Binghamton, N.Y.",seton Catholic Central HS,1990-91 Women's Tennis Roster,,Christine McKenna
,,,Freshman,"Baltimore, Md.",Park School,1990-91 Women's Tennis Roster,,Julie Mendelson
,,,Freshman,"Portland, Ore.",Lincoln HS,1990-91 Women's Tennis Roster,,LizAnn Rogovoy
,,,Sophomore,"Tampa, Fla.",Tampa Prep,1990-91 Women's Tennis Roster,,Seema Shah
,,,Freshman,"Lakewood, Ohio",Lakewood HS,1989-90 Women's Tennis Roster,,Judy Beckenbach
,,,Senior,"Princeton Jct., N.J.",W. Windsor-Plainsboro HS,1989-90 Women's Tennis Roster,,Dolly Chugh
,,,Senior,"Santa Fe, Calif.",Torrey Pines HS,1989-90 Women's Tennis Roster,,Jennifer Demsey
,,,Junior,"Schenectady, N.Y.",Niskayuna HS,1989-90 Women's Tennis Roster,,Ainslee Haffner
,,,Sophomore,"New City, N.Y.",Clarkstown HS North,1989-90 Women's Tennis Roster,,Carol Katz
,,,Freshman,"Bryn Mawr, Pa.",Friends Central HS,1989-90 Women's Tennis Roster,,Lisa Kay
,,,Sophomore,"Matawan, N.J.",Matawan Regional HS,1989-90 Women's Tennis Roster,,Jennifer Kenas
,,,Freshman,"Great Neck, N.Y.",Great Neck South HS,1989-90 Women's Tennis Roster,,Jennifer Koen
,,,Sophomore,"Roslyn, N.Y.",Herricks HS,1989-90 Women's Tennis Roster,,Beth Levine
,,,Junior,"Binghamton, N.Y.",seton Catholic Central HS,1989-90 Women's Tennis Roster,,Christine McKenna
,,,Freshman,"Fairfax, Va.",W.T. Woodson HS,1989-90 Women's Tennis Roster,,Ali Oshinky
,,,Freshman,"Tampa, Fla.",Tampa Prep,1989-90 Women's Tennis Roster,,Seema Shah
,,,Junior,"Princeton Jct., N.J.",W. Windsor-Plainsboro HS,1988-89 Women's Tennis Roster,,Dolly Chugh
,,,Junior,"Santa Fe, Calif.",Torrey Pines HS,1988-89 Women's Tennis Roster,,Jennifer Demsey
,,,Sophomore,"Schenectady, N.Y.",Niskayuna HS,1988-89 Women's Tennis Roster,,Ainslee Haffner
,,,Freshman,"Anchorage, Alaska",A.J. Dimond HS,1988-89 Women's Tennis Roster,,Gina Johnson
,,,Freshman,"New City, N.Y.",Clarkstown HS North,1988-89 Women's Tennis Roster,,Carol Katz
,,,Freshman,"Matawan, N.J.",Matawan Regional HS,1988-89 Women's Tennis Roster,,Jennifer Kenas
,,,Freshman,"Falls Church, Va.",Bishop O'Connell HS,1988-89 Women's Tennis Roster,,Marine Leray
,,,Freshman,"Roslyn, N.Y.",Herricks HS,1988-89 Women's Tennis Roster,,Beth Levine
,,,Sophomore,"Omaha, Neb.",West Side HS,1988-89 Women's Tennis Roster,,Lynn Veitzer
,,,Sophomore,"Princeton Jct., N.J.",W. Windsor-Plainsboro HS,1987-88 Women's Tennis Roster,,Dolly Chugh
,,,Sophomore,"Santa Fe, Calif.",Torrey Pines HS,1987-88 Women's Tennis Roster,,Jennifer Demsey
,,,Freshman,"Schenectady, N.Y.",Niskayuna HS,1987-88 Women's Tennis Roster,,Ainslee Haffner
,,,Senior,"La Jolla, Calif.",Glenbrook North HS (Ill.),1987-88 Women's Tennis Roster,,Linda Manaster
,,,Senior,"Brunswick, Ohio",Brunswick HS,1987-88 Women's Tennis Roster,,Erin McPeak
,,,Freshman,"Pittsburgh, Pa.",Philip Exeter Academy,1987-88 Women's Tennis Roster,,Karen Paul
,,,Junior,"Rochester, N.Y.",Brighton HS,1987-88 Women's Tennis Roster,,Ellen Phillips
,,,Senior,"Stamford, Conn.",Greenwich Academy,1987-88 Women's Tennis Roster,,Barbara Prins
,,,Senior,"Scituate, Mass.",Scituate HS,1987-88 Women's Tennis Roster,,Carolyn Savage
,,,Freshman,"Omaha, Neb.",West Side HS,1987-88 Women's Tennis Roster,,Lynn Veitzer
,,,Freshman,"Princeton Jct., N.J.",W. Windsor-Plainsboro HS,1986-87 Women's Tennis Roster,,Dolly Chugh
,,,Senior,"West Orange, N.J.",Northfield Mt. Hermon Prep,1986-87 Women's Tennis Roster,,Cynthia Cummis
,,,Freshman,"Santa Fe, Calif.",Torrey Pines HS,1986-87 Women's Tennis Roster,,Jennifer Demsey
,,,Freshman,"Ithaca, N.Y.",Ithaca HS,1986-87 Women's Tennis Roster,,Cheryl Hines
,,,Senior,"Anchorage, Alaska",Diamond HS,1986-87 Women's Tennis Roster,,Jana Klein
,,,Senior,"Aberdeen, N.J.",Matawan Regional HS,1986-87 Women's Tennis Roster,,Lauren Levine
,,,Junior,"Brunswick, Ohio",Brunswick HS,1986-87 Women's Tennis Roster,,Erin McPeak
,,,Senior,"Tulsa, Okla.",American HS,1986-87 Women's Tennis Roster,,Anne Meinig
,,,Junior,"Stamford, Conn.",Greenwich Academy,1986-87 Women's Tennis Roster,,Barbara Prins
,,,Junior,"Scituate, Mass.",Scituate HS,1986-87 Women's Tennis Roster,,Carolyn Savage
,,,Senior,"Newton, Mass.",Newton North HS,1986-87 Women's Tennis Roster,,Jennifer Stone
,,,Junior,"West Orange, N.J.",Northfield Mt. Hermon Prep,1985-86 Women's Tennis Roster,,Cynthia Cummis
,,,Junior,"Anchorage, Alaska",Diamond HS,1985-86 Women's Tennis Roster,,Jana Klein
,,,Junior,"Aberdeen, N.J.",Matawan Regional HS,1985-86 Women's Tennis Roster,,Lauren Levine
,,,Sophomore,"Hamburg, N.Y.",Frontier Central HS,1985-86 Women's Tennis Roster,,Chandra Louise
,,,Sophomore,"La Jolla, Calif.",Glenbrook North HS (Ill.),1985-86 Women's Tennis Roster,,Linda Manaster
,,,Sophomore,"Brunswick, Ohio",Brunswick HS,1985-86 Women's Tennis Roster,,Erin McPeak
,,,Junior,"Tulsa, Okla.",American HS,1985-86 Women's Tennis Roster,,Anne Meinig
,,,Sophomore,"Stamford, Conn.",Greenwich Academy,1985-86 Women's Tennis Roster,,Barbara Prins
,,,Sophomore,"Scituate, Mass.",Scituate HS,1985-86 Women's Tennis Roster,,Carolyn Savage
,,,Redshirt Freshman,"Colorado Springs, Colo.",William J. Palmer HS,1985-86 Women's Tennis Roster,,Andrea Sparks
,,,Senior,"Cincinnati, Ohio.",Indian Hill HS,1984-85 Women's Tennis Roster,,Cici Cryer
,,,Sophomore,"Greenwich, Conn.",Greenwich HS,1984-85 Women's Tennis Roster,,Janice Deutsch
,,,Sophomore,"Swampscott, Mass.",Swampscott HS,1984-85 Women's Tennis Roster,,Cara Giarusso
,,,Sophomore,"Anchorage, Alaska",Diamond HS,1984-85 Women's Tennis Roster,,Jana Klein
,,,Sophomore,"Aberdeen, N.J.",Matawan Regional HS,1984-85 Women's Tennis Roster,,Lauren Levine
,,,Freshman,"La Jolla, Calif.",Glenbrook North HS (Ill.),1984-85 Women's Tennis Roster,,Linda Manaster
,,,Freshman,"Brunswick, Ohio",Brunswick HS,1984-85 Women's Tennis Roster,,Erin McPeak
,,,Sophomore,"Tulsa, Okla.",American HS,1984-85 Women's Tennis Roster,,Anne Meinig
,,,Freshman,"Stamford, Conn.",Greenwich Academy,1984-85 Women's Tennis Roster,,Barbara Prins
,,,Freshman,"Scituate, Mass.",Scituate HS,1984-85 Women's Tennis Roster,,Carolyn Savage
,,,Sophomore,"Newton, Mass.",Newton North HS,1984-85 Women's Tennis Roster,,Jennifer Stone
,,,Junior,"Cincinnati, Ohio.",Indian Hill HS,1983-84 Women's Tennis Roster,,Cici Cryer
,,,Freshman,"Greenwich, Conn.",Greenwich HS,1983-84 Women's Tennis Roster,,Janice Deutsch
,,,Sophomore,"Ithaca, N.Y.",Ithaca HS,1983-84 Women's Tennis Roster,,Linda Falkson
,,,Senior,"Radnor, Pa.",Radnor HS,1983-84 Women's Tennis Roster,,Anne Gill
,,,Junior,"Sharon, Pa.",Western Reserve Academy (Ohio),1983-84 Women's Tennis Roster,,Claire Holt
,,,Sophomore,"New Providence, N.J.",New Providence HS,1983-84 Women's Tennis Roster,,Peggy Keane
,,,Freshman,"Anchorage, Alaska",Diamond HS,1983-84 Women's Tennis Roster,,Jana Klein
,,,Freshman,"Aberdeen, N.J.",Matawan Regional HS,1983-84 Women's Tennis Roster,,Lauren Levine
,,,Freshman,"Tulsa, Okla.",American HS,1983-84 Women's Tennis Roster,,Anne Meinig
,,,Sophomore,"Dix Hills, N.Y.",Half Hollow Hills West HS,1983-84 Women's Tennis Roster,,Jeneane Schmidt
,,,Freshman,"Newton, Mass.",Newton North HS,1983-84 Women's Tennis Roster,,Jennifer Stone
